{
  "info": {
    "name": "Event Management SPA",
    "_postman_id": "a1b2c3d4-e5f6-7890-abcd-ef1234567890",
    "description": "Postman collection for Event Management SPA (json-server)",
    "schema": "https://schema.getpostman.com/json/collection/v2.1.0/collection.json"
  },
  "item": [
    {
      "name": "Get all users",
      "request": {
        "method": "GET",
        "header": [],
        "url": {
          "raw": "http://localhost:3001/users",
          "protocol": "http",
          "host": ["localhost"],
          "port": "3001",
          "path": ["users"]
        }
      }
    },
    {
      "name": "Register user",
      "request": {
        "method": "POST",
        "header": [{ "key": "Content-Type", "value": "application/json" }],
        "body": {
          "mode": "raw",
          "raw": "{\n  \"fullName\": \"Visitor User\",\n  \"email\": \"visitor@visitor.com\",\n  \"password\": \"visitor123\",\n  \"role\": \"visitor\"\n}"
        },
        "url": {
          "raw": "http://localhost:3001/users",
          "protocol": "http",
          "host": ["localhost"],
          "port": "3001",
          "path": ["users"]
        }
      }
    },
    {
      "name": "Login (get user by email & password)",
      "request": {
        "method": "GET",
        "header": [],
        "url": {
          "raw": "http://localhost:3001/users?email=admin@admin.com&password=admin123",
          "protocol": "http",
          "host": ["localhost"],
          "port": "3001",
          "path": ["users"],
          "query": [
            { "key": "email", "value": "admin@admin.com" },
            { "key": "password", "value": "admin123" }
          ]
        }
      }
    },
    {
      "name": "Get all events",
      "request": {
        "method": "GET",
        "header": [],
        "url": {
          "raw": "http://localhost:3001/events",
          "protocol": "http",
          "host": ["localhost"],
          "port": "3001",
          "path": ["events"]
        }
      }
    },
    {
      "name": "Create event",
      "request": {
        "method": "POST",
        "header": [{ "key": "Content-Type", "value": "application/json" }],
        "body": {
          "mode": "raw",
          "raw": "{\n  \"name\": \"Sample Event\",\n  \"description\": \"This is a test event.\",\n  \"date\": \"2024-06-10\",\n  \"capacity\": 20\n}"
        },
        "url": {
          "raw": "http://localhost:3001/events",
          "protocol": "http",
          "host": ["localhost"],
          "port": "3001",
          "path": ["events"]
        }
      }
    },
    {
      "name": "Edit event",
      "request": {
        "method": "PUT",
        "header": [{ "key": "Content-Type", "value": "application/json" }],
        "body": {
          "mode": "raw",
          "raw": "{\n  \"name\": \"Updated Event\",\n  \"description\": \"Updated description.\",\n  \"date\": \"2024-06-15\",\n  \"capacity\": 30\n}"
        },
        "url": {
          "raw": "http://localhost:3001/events/1",
          "protocol": "http",
          "host": ["localhost"],
          "port": "3001",
          "path": ["events", "1"]
        }
      }
    },
    {
      "name": "Delete event",
      "request": {
        "method": "DELETE",
        "header": [],
        "url": {
          "raw": "http://localhost:3001/events/1",
          "protocol": "http",
          "host": ["localhost"],
          "port": "3001",
          "path": ["events", "1"]
        }
      }
    },
    {
      "name": "Get all enrollments",
      "request": {
        "method": "GET",
        "header": [],
        "url": {
          "raw": "http://localhost:3001/enrollments",
          "protocol": "http",
          "host": ["localhost"],
          "port": "3001",
          "path": ["enrollments"]
        }
      }
    },
    {
      "name": "Enroll user in event",
      "request": {
        "method": "POST",
        "header": [{ "key": "Content-Type", "value": "application/json" }],
        "body": {
          "mode": "raw",
          "raw": "{\n  \"userId\": 2,\n  \"eventId\": 1\n}"
        },
        "url": {
          "raw": "http://localhost:3001/enrollments",
          "protocol": "http",
          "host": ["localhost"],
          "port": "3001",
          "path": ["enrollments"]
        }
      }
    },
    {
      "name": "Get enrollments by user",
      "request": {
        "method": "GET",
        "header": [],
        "url": {
          "raw": "http://localhost:3001/enrollments?userId=2",
          "protocol": "http",
          "host": ["localhost"],
          "port": "3001",
          "path": ["enrollments"],
          "query": [{ "key": "userId", "value": "2" }]
        }
      }
    },
    {
      "name": "Get enrollments by event",
      "request": {
        "method": "GET",
        "header": [],
        "url": {
          "raw": "http://localhost:3001/enrollments?eventId=1",
          "protocol": "http",
          "host": ["localhost"],
          "port": "3001",
          "path": ["enrollments"],
          "query": [{ "key": "eventId", "value": "1" }]
        }
      }
    }
  ]
} 